{
    "model_name": "basic_model",
    "best_threshold": 0.2,
    "best_f1": 0.16583716780918395,
    "threshold_results": {
        "0.1": {
            "precision": 0.08594649508973924,
            "recall": 0.9875486381322958,
            "f1": 0.1581308411214953
        },
        "0.2": {
            "precision": 0.09429730884237505,
            "recall": 0.68715953307393,
            "f1": 0.16583716780918395
        },
        "0.30000000000000004": {
            "precision": 0.10245901639344263,
            "recall": 0.17509727626459143,
            "f1": 0.1292731973570813
        },
        "0.4": {
            "precision": 0.07758620689655173,
            "recall": 0.007003891050583658,
            "f1": 0.012847965738758032
        },
        "0.5": {
            "precision": 0.0,
            "recall": 0.0,
            "f1": 0.0
        },
        "0.6": {
            "precision": 0.0,
            "recall": 0.0,
            "f1": 0.0
        },
        "0.7000000000000001": {
            "precision": 0.0,
            "recall": 0.0,
            "f1": 0.0
        },
        "0.8": {
            "precision": 0.0,
            "recall": 0.0,
            "f1": 0.0
        },
        "0.9": {
            "precision": 0.0,
            "recall": 0.0,
            "f1": 0.0
        }
    },
    "roc_auc": 0.5443909718547815,
    "confusion_matrix": [
        [
            5234,
            8481
        ],
        [
            402,
            883
        ]
    ]
}