amount_bin,avg_fraud_probability,predicted_fraud_rate,actual_fraud_rate,transaction_count
0-25,0.20085460991249057,0.4636244717246931,0.08492654457637351,19876
25-50,0.20658238203499224,0.505420401195049,0.0874946649594537,11715
50-100,0.2044309016587956,0.49323745933915425,0.08243451463790447,11682
100-200,0.20077572094197021,0.4582550793921803,0.09288031415400376,5857
200-500,0.20417979652338533,0.49942062572421786,0.07531865585168018,863
500+,0.1743328745328213,0.5,0.0,2
