{
    "0": {
        "precision": 0.9720012726694242,
        "recall": 1.0,
        "f1-score": 0.9858018715714747,
        "support": 9165
    },
    "1": {
        "precision": 1.0,
        "recall": 0.6838323353293413,
        "f1-score": 0.8122332859174963,
        "support": 835
    },
    "accuracy": 0.9736,
    "macro avg": {
        "precision": 0.986000636334712,
        "recall": 0.8419161676646707,
        "f1-score": 0.8990175787444855,
        "support": 10000
    },
    "weighted avg": {
        "precision": 0.9743391664015273,
        "recall": 0.9736,
        "f1-score": 0.9713088946693675,
        "support": 10000
    }
}