{
    "model_name": "simple_model",
    "thresholds": {
        "0.1": {
            "precision": 0.08655846858094049,
            "recall": 0.9964071856287425,
            "f1": 0.1592801761271178,
            "accuracy": 0.1217
        },
        "0.2": {
            "precision": 0.14557692307692308,
            "recall": 0.9065868263473054,
            "f1": 0.2508699254349627,
            "accuracy": 0.5479
        },
        "0.30000000000000004": {
            "precision": 0.4641255605381166,
            "recall": 0.7437125748502994,
            "f1": 0.5715600552231938,
            "accuracy": 0.9069
        },
        "0.4": {
            "precision": 0.948051948051948,
            "recall": 0.6994011976047905,
            "f1": 0.8049620951068228,
            "accuracy": 0.9717
        },
        "0.5": {
            "precision": 1.0,
            "recall": 0.6838323353293413,
            "f1": 0.8122332859174963,
            "accuracy": 0.9736
        },
        "0.6": {
            "precision": 1.0,
            "recall": 0.3473053892215569,
            "f1": 0.5155555555555555,
            "accuracy": 0.9455
        },
        "0.7000000000000001": {
            "precision": 1.0,
            "recall": 0.011976047904191617,
            "f1": 0.023668639053254437,
            "accuracy": 0.9175
        },
        "0.8": {
            "precision": 0.0,
            "recall": 0.0,
            "f1": 0.0,
            "accuracy": 0.9165
        },
        "0.9": {
            "precision": 0.0,
            "recall": 0.0,
            "f1": 0.0,
            "accuracy": 0.9165
        }
    },
    "best_threshold": 0.5,
    "best_f1": 0.8122332859174963
}